<?xml version="1.0" encoding="UTF-8"?>
<project-private xmlns="http://www.netbeans.org/ns/project-private/1">
    <editor-bookmarks xmlns="http://www.netbeans.org/ns/editor-bookmarks/2" lastBookmarkId="0"/>
    <open-files xmlns="http://www.netbeans.org/ns/projectui-open-files/2">
        <group>
            <file>file:/Users/andregeraldes/Documents/Mestrado/CC/CC1516/AudioShare/src/cc/Server.java</file>
            <file>file:/Users/andregeraldes/Documents/Mestrado/CC/CC1516/AudioShare/src/cc/ClientHandler.java</file>
            <file>file:/Users/andregeraldes/Documents/Mestrado/CC/CC1516/AudioShare/src/cc/ServerHandler.java</file>
            <file>file:/Users/andregeraldes/Documents/Mestrado/CC/CC1516/AudioShare/src/cc/ClientUDP.java</file>
            <file>file:/Users/andregeraldes/Documents/Mestrado/CC/CC1516/AudioShare/src/cc/PDU.java</file>
            <file>file:/Users/andregeraldes/Documents/Mestrado/CC/CC1516/AudioShare/src/cc/Client.java</file>
            <file>file:/Users/andregeraldes/Documents/Mestrado/CC/CC1516/AudioShare/src/cc/ClientConsult.java</file>
        </group>
    </open-files>
</project-private>
